<?xml version="1.0" encoding="UTF-8"?>
<project-private xmlns="http://www.netbeans.org/ns/project-private/1">
    <editor-bookmarks xmlns="http://www.netbeans.org/ns/editor-bookmarks/2" lastBookmarkId="0"/>
    <open-files xmlns="http://www.netbeans.org/ns/projectui-open-files/2">
        <group>
            <file>file:/C:/Users/Camila/Documents/JavaApplication17/src/resources/images/img1.png</file>
            <file>file:/C:/Users/Camila/Documents/JavaApplication17/src/prueba.fxml</file>
            <file>file:/C:/Users/Camila/Documents/JavaApplication17/src/PruebaController.java</file>
            <file>file:/C:/Users/Camila/Documents/JavaApplication17/src/javaapplication17/JavaApplication17.java</file>
        </group>
    </open-files>
</project-private>
